probability_nonAMP	probability_AMP	predicted	seq_id
0.7625	0.2375	nonAMP	peptide_test_id0
0.85625	0.14375	nonAMP	peptide_test_id1
0.44375	0.55625	AMP	peptide_test_id2
0.86875	0.13125	nonAMP	peptide_test_id3
0.75625	0.24375	nonAMP	peptide_test_id4
0.6375	0.3625	nonAMP	peptide_test_id5
0.41875	0.58125	AMP	peptide_test_id6
0.075	0.925	AMP	peptide_test_id7
0.70625	0.29375	nonAMP	peptide_test_id8
0.4125	0.5875	AMP	peptide_test_id9
0.8375	0.1625	nonAMP	peptide_test_id10
0.15625	0.84375	AMP	peptide_test_id11
0.6625	0.3375	nonAMP	peptide_test_id12
0.425	0.575	AMP	peptide_test_id13
0.59375	0.40625	nonAMP	peptide_test_id14
0.5125	0.4875	nonAMP	peptide_test_id15
0.0875	0.9125	AMP	peptide_test_id16
0.775	0.225	nonAMP	peptide_test_id17
0.6375	0.3625	nonAMP	peptide_test_id18
0.65	0.35	nonAMP	peptide_test_id19
0.15	0.85	AMP	peptide_test_id20
0.06875	0.93125	AMP	peptide_test_id21
0.1125	0.8875	AMP	peptide_test_id22
0.09375	0.90625	AMP	peptide_test_id23
0.4375	0.5625	AMP	peptide_test_id24
0.4125	0.5875	AMP	peptide_test_id25
0.1625	0.8375	AMP	peptide_test_id26
0.7625	0.2375	nonAMP	peptide_test_id27
0.94375	0.05625	nonAMP	peptide_test_id28
0.70625	0.29375	nonAMP	peptide_test_id29
0.26875	0.73125	AMP	peptide_test_id30
0.2	0.8	AMP	peptide_test_id31
0.05	0.95	AMP	peptide_test_id32
0.68125	0.31875	nonAMP	peptide_test_id33
0.24375	0.75625	AMP	peptide_test_id34
0.4375	0.5625	AMP	peptide_test_id35
0.7625	0.2375	nonAMP	peptide_test_id36
0.6125	0.3875	nonAMP	peptide_test_id37
0.4875	0.5125	AMP	peptide_test_id38
0.55625	0.44375	nonAMP	peptide_test_id39
0.08125	0.91875	AMP	peptide_test_id40
0.66875	0.33125	nonAMP	peptide_test_id41
0.625	0.375	nonAMP	peptide_test_id42
0.51875	0.48125	nonAMP	peptide_test_id43
0.6875	0.3125	nonAMP	peptide_test_id44
0.88125	0.11875	nonAMP	peptide_test_id45
0.56875	0.43125	nonAMP	peptide_test_id46
0.00625	0.99375	AMP	peptide_test_id47
0.18125	0.81875	AMP	peptide_test_id48
0.56875	0.43125	nonAMP	peptide_test_id49
0.9125	0.0875	nonAMP	peptide_test_id50
0.20625	0.79375	AMP	peptide_test_id51
0.85625	0.14375	nonAMP	peptide_test_id52
0.9	0.1	nonAMP	peptide_test_id53
0.31875	0.68125	AMP	peptide_test_id54
0.50625	0.49375	nonAMP	peptide_test_id55
0.6625	0.3375	nonAMP	peptide_test_id56
0.775	0.225	nonAMP	peptide_test_id57
0.4875	0.5125	AMP	peptide_test_id58
0.48125	0.51875	AMP	peptide_test_id59
0.1625	0.8375	AMP	peptide_test_id60
0.875	0.125	nonAMP	peptide_test_id61
0.83125	0.16875	nonAMP	peptide_test_id62
0.49375	0.50625	AMP	peptide_test_id63
0.81875	0.18125	nonAMP	peptide_test_id64
0.6875	0.3125	nonAMP	peptide_test_id65
0.39375	0.60625	AMP	peptide_test_id66
0.05	0.95	AMP	peptide_test_id67
0.34375	0.65625	AMP	peptide_test_id68
0.63125	0.36875	nonAMP	peptide_test_id69
0.425	0.575	AMP	peptide_test_id70
0.9125	0.0875	nonAMP	peptide_test_id71
0.33125	0.66875	AMP	peptide_test_id72
0.6875	0.3125	nonAMP	peptide_test_id73
0.83125	0.16875	nonAMP	peptide_test_id74
0.1375	0.8625	AMP	peptide_test_id75
0.625	0.375	nonAMP	peptide_test_id76
0.8625	0.1375	nonAMP	peptide_test_id77
0.44375	0.55625	AMP	peptide_test_id78
0.6	0.4	nonAMP	peptide_test_id79
0.05	0.95	AMP	peptide_test_id80
0.95	0.05	nonAMP	peptide_test_id81
0.5125	0.4875	nonAMP	peptide_test_id82
0.26875	0.73125	AMP	peptide_test_id83
0.1	0.9	AMP	peptide_test_id84
0.6	0.4	nonAMP	peptide_test_id85
0.1875	0.8125	AMP	peptide_test_id86
0.3125	0.6875	AMP	peptide_test_id87
0.54375	0.45625	nonAMP	peptide_test_id88
0.35	0.65	AMP	peptide_test_id89
0.575	0.425	nonAMP	peptide_test_id90
0.7375	0.2625	nonAMP	peptide_test_id91
0.9875	0.0125	nonAMP	peptide_test_id92
0.6	0.4	nonAMP	peptide_test_id93
0.3875	0.6125	AMP	peptide_test_id94
0.95	0.05	nonAMP	peptide_test_id95
0.70625	0.29375	nonAMP	peptide_test_id96
0.325	0.675	AMP	peptide_test_id97
0.4	0.6	AMP	peptide_test_id98
0.5125	0.4875	nonAMP	peptide_test_id99
0.86875	0.13125	nonAMP	peptide_test_id100
0.05	0.95	AMP	peptide_test_id101
0.5875	0.4125	nonAMP	peptide_test_id102
0.34375	0.65625	AMP	peptide_test_id103
0.475	0.525	AMP	peptide_test_id104
0.8625	0.1375	nonAMP	peptide_test_id105
0.75	0.25	nonAMP	peptide_test_id106
0.95	0.05	nonAMP	peptide_test_id107
0.175	0.825	AMP	peptide_test_id108
0.3125	0.6875	AMP	peptide_test_id109
0.41875	0.58125	AMP	peptide_test_id110
0.4	0.6	AMP	peptide_test_id111
0.2125	0.7875	AMP	peptide_test_id112
0.65625	0.34375	nonAMP	peptide_test_id113
0.775	0.225	nonAMP	peptide_test_id114
0.90625	0.09375	nonAMP	peptide_test_id115
0.39375	0.60625	AMP	peptide_test_id116
0.54375	0.45625	nonAMP	peptide_test_id117
0.5375	0.4625	nonAMP	peptide_test_id118
0.5125	0.4875	nonAMP	peptide_test_id119
0.0375	0.9625	AMP	peptide_test_id120
0.40625	0.59375	AMP	peptide_test_id121
0.925	0.075	nonAMP	peptide_test_id122
0.49375	0.50625	AMP	peptide_test_id123
0.74375	0.25625	nonAMP	peptide_test_id124
0.11875	0.88125	AMP	peptide_test_id125
0.10625	0.89375	AMP	peptide_test_id126
0.7125	0.2875	nonAMP	peptide_test_id127
0.4	0.6	AMP	peptide_test_id128
0.625	0.375	nonAMP	peptide_test_id129
0.06875	0.93125	AMP	peptide_test_id130
0.2	0.8	AMP	peptide_test_id131
0.46875	0.53125	AMP	peptide_test_id132
0.64375	0.35625	nonAMP	peptide_test_id133
0.61875	0.38125	nonAMP	peptide_test_id134
0.7875	0.2125	nonAMP	peptide_test_id135
0.56875	0.43125	nonAMP	peptide_test_id136
0.15	0.85	AMP	peptide_test_id137
0.85	0.15	nonAMP	peptide_test_id138
0.6375	0.3625	nonAMP	peptide_test_id139
0.5625	0.4375	nonAMP	peptide_test_id140
0.85	0.15	nonAMP	peptide_test_id141
0.5625	0.4375	nonAMP	peptide_test_id142
0.0	1.0	AMP	peptide_test_id143
0.65	0.35	nonAMP	peptide_test_id144
0.8625	0.1375	nonAMP	peptide_test_id145
0.73125	0.26875	nonAMP	peptide_test_id146
0.8125	0.1875	nonAMP	peptide_test_id147
0.25625	0.74375	AMP	peptide_test_id148
0.85625	0.14375	nonAMP	peptide_test_id149
0.25625	0.74375	AMP	peptide_test_id150
0.59375	0.40625	nonAMP	peptide_test_id151
0.7375	0.2625	nonAMP	peptide_test_id152
0.60625	0.39375	nonAMP	peptide_test_id153
0.70625	0.29375	nonAMP	peptide_test_id154
0.50625	0.49375	nonAMP	peptide_test_id155
0.025	0.975	AMP	peptide_test_id156
0.8125	0.1875	nonAMP	peptide_test_id157
0.20625	0.79375	AMP	peptide_test_id158
0.325	0.675	AMP	peptide_test_id159
0.175	0.825	AMP	peptide_test_id160
0.2375	0.7625	AMP	peptide_test_id161
0.71875	0.28125	nonAMP	peptide_test_id162
0.40625	0.59375	AMP	peptide_test_id163
0.5625	0.4375	nonAMP	peptide_test_id164
0.6	0.4	nonAMP	peptide_test_id165
0.025	0.975	AMP	peptide_test_id166
0.6875	0.3125	nonAMP	peptide_test_id167
0.425	0.575	AMP	peptide_test_id168
0.425	0.575	AMP	peptide_test_id169
0.375	0.625	AMP	peptide_test_id170
0.625	0.375	nonAMP	peptide_test_id171
0.26875	0.73125	AMP	peptide_test_id172
0.8375	0.1625	nonAMP	peptide_test_id173
0.54375	0.45625	nonAMP	peptide_test_id174
0.03125	0.96875	AMP	peptide_test_id175
0.6125	0.3875	nonAMP	peptide_test_id176
0.525	0.475	nonAMP	peptide_test_id177
0.275	0.725	AMP	peptide_test_id178
0.625	0.375	nonAMP	peptide_test_id179
0.75625	0.24375	nonAMP	peptide_test_id180
0.79375	0.20625	nonAMP	peptide_test_id181
0.375	0.625	AMP	peptide_test_id182
0.875	0.125	nonAMP	peptide_test_id183
0.8125	0.1875	nonAMP	peptide_test_id184
0.4375	0.5625	AMP	peptide_test_id185
0.225	0.775	AMP	peptide_test_id186
0.375	0.625	AMP	peptide_test_id187
0.61875	0.38125	nonAMP	peptide_test_id188
0.075	0.925	AMP	peptide_test_id189
0.85625	0.14375	nonAMP	peptide_test_id190
0.46875	0.53125	AMP	peptide_test_id191
0.55	0.45	nonAMP	peptide_test_id192
0.65	0.35	nonAMP	peptide_test_id193
0.9125	0.0875	nonAMP	peptide_test_id194
0.6125	0.3875	nonAMP	peptide_test_id195
0.6625	0.3375	nonAMP	peptide_test_id196
0.39375	0.60625	AMP	peptide_test_id197
0.925	0.075	nonAMP	peptide_test_id198
0.21875	0.78125	AMP	peptide_test_id199
0.46875	0.53125	AMP	peptide_test_id200
0.925	0.075	nonAMP	peptide_test_id201
0.8875	0.1125	nonAMP	peptide_test_id202
0.625	0.375	nonAMP	peptide_test_id203
0.3	0.7	AMP	peptide_test_id204
0.0625	0.9375	AMP	peptide_test_id205
0.60625	0.39375	nonAMP	peptide_test_id206
0.2625	0.7375	AMP	peptide_test_id207
0.56875	0.43125	nonAMP	peptide_test_id208
0.8875	0.1125	nonAMP	peptide_test_id209
0.71875	0.28125	nonAMP	peptide_test_id210
0.8125	0.1875	nonAMP	peptide_test_id211
0.3125	0.6875	AMP	peptide_test_id212
0.825	0.175	nonAMP	peptide_test_id213
0.26875	0.73125	AMP	peptide_test_id214
0.3875	0.6125	AMP	peptide_test_id215
0.35	0.65	AMP	peptide_test_id216
0.16875	0.83125	AMP	peptide_test_id217
0.49375	0.50625	AMP	peptide_test_id218
0.45	0.55	AMP	peptide_test_id219
0.6625	0.3375	nonAMP	peptide_test_id220
0.275	0.725	AMP	peptide_test_id221
0.3375	0.6625	AMP	peptide_test_id222
0.9125	0.0875	nonAMP	peptide_test_id223
0.85	0.15	nonAMP	peptide_test_id224
0.8375	0.1625	nonAMP	peptide_test_id225
0.225	0.775	AMP	peptide_test_id226
0.8875	0.1125	nonAMP	peptide_test_id227
0.05625	0.94375	AMP	peptide_test_id228
0.6875	0.3125	nonAMP	peptide_test_id229
0.6125	0.3875	nonAMP	peptide_test_id230
0.21875	0.78125	AMP	peptide_test_id231
0.2875	0.7125	AMP	peptide_test_id232
0.25	0.75	AMP	peptide_test_id233
0.56875	0.43125	nonAMP	peptide_test_id234
0.4375	0.5625	AMP	peptide_test_id235
0.25625	0.74375	AMP	peptide_test_id236
0.0	1.0	AMP	peptide_test_id237
0.06875	0.93125	AMP	peptide_test_id238
0.79375	0.20625	nonAMP	peptide_test_id239
0.525	0.475	nonAMP	peptide_test_id240
0.79375	0.20625	nonAMP	peptide_test_id241
0.45625	0.54375	AMP	peptide_test_id242
0.0375	0.9625	AMP	peptide_test_id243
0.5375	0.4625	nonAMP	peptide_test_id244
0.7	0.3	nonAMP	peptide_test_id245
0.425	0.575	AMP	peptide_test_id246
0.575	0.425	nonAMP	peptide_test_id247
0.175	0.825	AMP	peptide_test_id248
0.4625	0.5375	AMP	peptide_test_id249
0.10625	0.89375	AMP	peptide_test_id250
0.78125	0.21875	nonAMP	peptide_test_id251
0.63125	0.36875	nonAMP	peptide_test_id252
0.86875	0.13125	nonAMP	peptide_test_id253
0.0125	0.9875	AMP	peptide_test_id254
0.06875	0.93125	AMP	peptide_test_id255
0.18125	0.81875	AMP	peptide_test_id256
0.025	0.975	AMP	peptide_test_id257
0.5	0.5	nonAMP	peptide_test_id258
0.43125	0.56875	AMP	peptide_test_id259
0.775	0.225	nonAMP	peptide_test_id260
0.1625	0.8375	AMP	peptide_test_id261
0.3	0.7	AMP	peptide_test_id262
0.71875	0.28125	nonAMP	peptide_test_id263
0.025	0.975	AMP	peptide_test_id264
0.2625	0.7375	AMP	peptide_test_id265
0.48125	0.51875	AMP	peptide_test_id266
0.475	0.525	AMP	peptide_test_id267
0.05	0.95	AMP	peptide_test_id268
0.11875	0.88125	AMP	peptide_test_id269
0.0875	0.9125	AMP	peptide_test_id270
0.16875	0.83125	AMP	peptide_test_id271
0.875	0.125	nonAMP	peptide_test_id272
0.475	0.525	AMP	peptide_test_id273
0.49375	0.50625	AMP	peptide_test_id274
0.15	0.85	AMP	peptide_test_id275
0.6625	0.3375	nonAMP	peptide_test_id276
0.24375	0.75625	AMP	peptide_test_id277
0.48125	0.51875	AMP	peptide_test_id278
0.69375	0.30625	nonAMP	peptide_test_id279
0.5125	0.4875	nonAMP	peptide_test_id280
0.58125	0.41875	nonAMP	peptide_test_id281
0.575	0.425	nonAMP	peptide_test_id282
0.7875	0.2125	nonAMP	peptide_test_id283
0.5375	0.4625	nonAMP	peptide_test_id284
0.475	0.525	AMP	peptide_test_id285
0.43125	0.56875	AMP	peptide_test_id286
0.5125	0.4875	nonAMP	peptide_test_id287
0.31875	0.68125	AMP	peptide_test_id288
0.49375	0.50625	AMP	peptide_test_id289
0.2375	0.7625	AMP	peptide_test_id290
0.26875	0.73125	AMP	peptide_test_id291
0.80625	0.19375	nonAMP	peptide_test_id292
0.33125	0.66875	AMP	peptide_test_id293
0.8375	0.1625	nonAMP	peptide_test_id294
0.1625	0.8375	AMP	peptide_test_id295
0.2875	0.7125	AMP	peptide_test_id296
0.7625	0.2375	nonAMP	peptide_test_id297
0.81875	0.18125	nonAMP	peptide_test_id298
0.3625	0.6375	AMP	peptide_test_id299
0.675	0.325	nonAMP	peptide_test_id300
0.39375	0.60625	AMP	peptide_test_id301
0.1125	0.8875	AMP	peptide_test_id302
0.4375	0.5625	AMP	peptide_test_id303
0.85625	0.14375	nonAMP	peptide_test_id304
0.49375	0.50625	AMP	peptide_test_id305
0.5	0.5	nonAMP	peptide_test_id306
0.2375	0.7625	AMP	peptide_test_id307
0.41875	0.58125	AMP	peptide_test_id308
0.70625	0.29375	nonAMP	peptide_test_id309
0.80625	0.19375	nonAMP	peptide_test_id310
0.49375	0.50625	AMP	peptide_test_id311
0.15	0.85	AMP	peptide_test_id312
0.45625	0.54375	AMP	peptide_test_id313
0.525	0.475	nonAMP	peptide_test_id314
0.89375	0.10625	nonAMP	peptide_test_id315
0.35625	0.64375	AMP	peptide_test_id316
0.51875	0.48125	nonAMP	peptide_test_id317
0.40625	0.59375	AMP	peptide_test_id318
0.45625	0.54375	AMP	peptide_test_id319
0.28125	0.71875	AMP	peptide_test_id320
0.91875	0.08125	nonAMP	peptide_test_id321
0.9625	0.0375	nonAMP	peptide_test_id322
0.7875	0.2125	nonAMP	peptide_test_id323
0.75625	0.24375	nonAMP	peptide_test_id324
0.80625	0.19375	nonAMP	peptide_test_id325
0.85	0.15	nonAMP	peptide_test_id326
0.91875	0.08125	nonAMP	peptide_test_id327
0.46875	0.53125	AMP	peptide_test_id328
0.54375	0.45625	nonAMP	peptide_test_id329
0.30625	0.69375	AMP	peptide_test_id330
0.65625	0.34375	nonAMP	peptide_test_id331
0.54375	0.45625	nonAMP	peptide_test_id332
0.50625	0.49375	nonAMP	peptide_test_id333
0.05625	0.94375	AMP	peptide_test_id334
0.575	0.425	nonAMP	peptide_test_id335
0.11875	0.88125	AMP	peptide_test_id336
0.29375	0.70625	AMP	peptide_test_id337
0.01875	0.98125	AMP	peptide_test_id338
0.55	0.45	nonAMP	peptide_test_id339
0.1625	0.8375	AMP	peptide_test_id340
0.49375	0.50625	AMP	peptide_test_id341
0.75625	0.24375	nonAMP	peptide_test_id342
0.36875	0.63125	AMP	peptide_test_id343
0.05625	0.94375	AMP	peptide_test_id344
0.33125	0.66875	AMP	peptide_test_id345
0.0	1.0	AMP	peptide_test_id346
0.425	0.575	AMP	peptide_test_id347
0.78125	0.21875	nonAMP	peptide_test_id348
0.8375	0.1625	nonAMP	peptide_test_id349
0.81875	0.18125	nonAMP	peptide_test_id350
0.70625	0.29375	nonAMP	peptide_test_id351
0.25	0.75	AMP	peptide_test_id352
0.375	0.625	AMP	peptide_test_id353
0.53125	0.46875	nonAMP	peptide_test_id354
0.2625	0.7375	AMP	peptide_test_id355
0.95625	0.04375	nonAMP	peptide_test_id356
0.0875	0.9125	AMP	peptide_test_id357
0.30625	0.69375	AMP	peptide_test_id358
0.18125	0.81875	AMP	peptide_test_id359
0.3125	0.6875	AMP	peptide_test_id360
0.95	0.05	nonAMP	peptide_test_id361
0.64375	0.35625	nonAMP	peptide_test_id362
0.48125	0.51875	AMP	peptide_test_id363
0.63125	0.36875	nonAMP	peptide_test_id364
0.0875	0.9125	AMP	peptide_test_id365
0.775	0.225	nonAMP	peptide_test_id366
0.9125	0.0875	nonAMP	peptide_test_id367
0.23125	0.76875	AMP	peptide_test_id368
0.5625	0.4375	nonAMP	peptide_test_id369
0.46875	0.53125	AMP	peptide_test_id370
0.9375	0.0625	nonAMP	peptide_test_id371
0.775	0.225	nonAMP	peptide_test_id372
0.00625	0.99375	AMP	peptide_test_id373
0.74375	0.25625	nonAMP	peptide_test_id374
0.6125	0.3875	nonAMP	peptide_test_id375
0.05625	0.94375	AMP	peptide_test_id376
0.60625	0.39375	nonAMP	peptide_test_id377
0.20625	0.79375	AMP	peptide_test_id378
0.2375	0.7625	AMP	peptide_test_id379
0.40625	0.59375	AMP	peptide_test_id380
0.5875	0.4125	nonAMP	peptide_test_id381
0.66875	0.33125	nonAMP	peptide_test_id382
0.375	0.625	AMP	peptide_test_id383
0.61875	0.38125	nonAMP	peptide_test_id384
0.1625	0.8375	AMP	peptide_test_id385
0.73125	0.26875	nonAMP	peptide_test_id386
0.25	0.75	AMP	peptide_test_id387
0.45	0.55	AMP	peptide_test_id388
0.69375	0.30625	nonAMP	peptide_test_id389
0.51875	0.48125	nonAMP	peptide_test_id390
0.70625	0.29375	nonAMP	peptide_test_id391
0.25625	0.74375	AMP	peptide_test_id392
0.5625	0.4375	nonAMP	peptide_test_id393
0.69375	0.30625	nonAMP	peptide_test_id394
0.50625	0.49375	nonAMP	peptide_test_id395
0.025	0.975	AMP	peptide_test_id396
0.575	0.425	nonAMP	peptide_test_id397
0.60625	0.39375	nonAMP	peptide_test_id398
0.05625	0.94375	AMP	peptide_test_id399
0.64375	0.35625	nonAMP	peptide_test_id400
0.4375	0.5625	AMP	peptide_test_id401
0.55	0.45	nonAMP	peptide_test_id402
0.4375	0.5625	AMP	peptide_test_id403
0.3375	0.6625	AMP	peptide_test_id404
0.7125	0.2875	nonAMP	peptide_test_id405
0.48125	0.51875	AMP	peptide_test_id406
0.55	0.45	nonAMP	peptide_test_id407
0.5625	0.4375	nonAMP	peptide_test_id408
0.43125	0.56875	AMP	peptide_test_id409
0.64375	0.35625	nonAMP	peptide_test_id410
0.64375	0.35625	nonAMP	peptide_test_id411
0.6625	0.3375	nonAMP	peptide_test_id412
0.5375	0.4625	nonAMP	peptide_test_id413
0.60625	0.39375	nonAMP	peptide_test_id414
0.6625	0.3375	nonAMP	peptide_test_id415
0.73125	0.26875	nonAMP	peptide_test_id416
0.5	0.5	nonAMP	peptide_test_id417
0.34375	0.65625	AMP	peptide_test_id418
0.73125	0.26875	nonAMP	peptide_test_id419
0.00625	0.99375	AMP	peptide_test_id420
0.64375	0.35625	nonAMP	peptide_test_id421
0.6625	0.3375	nonAMP	peptide_test_id422
0.50625	0.49375	nonAMP	peptide_test_id423
0.41875	0.58125	AMP	peptide_test_id424
0.0	1.0	AMP	peptide_test_id425
0.55625	0.44375	nonAMP	peptide_test_id426
0.34375	0.65625	AMP	peptide_test_id427
0.3375	0.6625	AMP	peptide_test_id428
0.9125	0.0875	nonAMP	peptide_test_id429
0.73125	0.26875	nonAMP	peptide_test_id430
0.2625	0.7375	AMP	peptide_test_id431
0.46875	0.53125	AMP	peptide_test_id432
0.23125	0.76875	AMP	peptide_test_id433
0.68125	0.31875	nonAMP	peptide_test_id434
0.65	0.35	nonAMP	peptide_test_id435
0.625	0.375	nonAMP	peptide_test_id436
0.19375	0.80625	AMP	peptide_test_id437
0.51875	0.48125	nonAMP	peptide_test_id438
0.6875	0.3125	nonAMP	peptide_test_id439
0.7	0.3	nonAMP	peptide_test_id440
0.80625	0.19375	nonAMP	peptide_test_id441
0.775	0.225	nonAMP	peptide_test_id442
0.425	0.575	AMP	peptide_test_id443
0.6875	0.3125	nonAMP	peptide_test_id444
0.85	0.15	nonAMP	peptide_test_id445
0.30625	0.69375	AMP	peptide_test_id446
0.55625	0.44375	nonAMP	peptide_test_id447
0.44375	0.55625	AMP	peptide_test_id448
0.475	0.525	AMP	peptide_test_id449
0.775	0.225	nonAMP	peptide_test_id450
0.85625	0.14375	nonAMP	peptide_test_id451
0.5625	0.4375	nonAMP	peptide_test_id452
0.69375	0.30625	nonAMP	peptide_test_id453
0.40625	0.59375	AMP	peptide_test_id454
0.88125	0.11875	nonAMP	peptide_test_id455
0.61875	0.38125	nonAMP	peptide_test_id456
0.6	0.4	nonAMP	peptide_test_id457
0.3625	0.6375	AMP	peptide_test_id458
0.58125	0.41875	nonAMP	peptide_test_id459
0.58125	0.41875	nonAMP	peptide_test_id460
0.54375	0.45625	nonAMP	peptide_test_id461
0.5375	0.4625	nonAMP	peptide_test_id462
0.7875	0.2125	nonAMP	peptide_test_id463
0.8	0.2	nonAMP	peptide_test_id464
0.6375	0.3625	nonAMP	peptide_test_id465
0.4875	0.5125	AMP	peptide_test_id466
0.875	0.125	nonAMP	peptide_test_id467
0.675	0.325	nonAMP	peptide_test_id468
0.0625	0.9375	AMP	peptide_test_id469
0.1	0.9	AMP	peptide_test_id470
0.275	0.725	AMP	peptide_test_id471
0.60625	0.39375	nonAMP	peptide_test_id472
0.125	0.875	AMP	peptide_test_id473
0.35625	0.64375	AMP	peptide_test_id474
0.6625	0.3375	nonAMP	peptide_test_id475
0.4625	0.5375	AMP	peptide_test_id476
0.85	0.15	nonAMP	peptide_test_id477
0.48125	0.51875	AMP	peptide_test_id478
0.53125	0.46875	nonAMP	peptide_test_id479
0.43125	0.56875	AMP	peptide_test_id480
0.33125	0.66875	AMP	peptide_test_id481
0.225	0.775	AMP	peptide_test_id482
0.425	0.575	AMP	peptide_test_id483
0.95625	0.04375	nonAMP	peptide_test_id484
0.4375	0.5625	AMP	peptide_test_id485
0.44375	0.55625	AMP	peptide_test_id486
0.4375	0.5625	AMP	peptide_test_id487
0.825	0.175	nonAMP	peptide_test_id488
0.14375	0.85625	AMP	peptide_test_id489
0.69375	0.30625	nonAMP	peptide_test_id490
0.53125	0.46875	nonAMP	peptide_test_id491
0.04375	0.95625	AMP	peptide_test_id492
0.5375	0.4625	nonAMP	peptide_test_id493
0.74375	0.25625	nonAMP	peptide_test_id494
0.25625	0.74375	AMP	peptide_test_id495
0.29375	0.70625	AMP	peptide_test_id496
0.19375	0.80625	AMP	peptide_test_id497
0.35625	0.64375	AMP	peptide_test_id498
0.825	0.175	nonAMP	peptide_test_id499
0.40625	0.59375	AMP	peptide_test_id500
0.575	0.425	nonAMP	peptide_test_id501
0.15625	0.84375	AMP	peptide_test_id502
0.80625	0.19375	nonAMP	peptide_test_id503
0.3	0.7	AMP	peptide_test_id504
0.46875	0.53125	AMP	peptide_test_id505
0.23125	0.76875	AMP	peptide_test_id506
0.19375	0.80625	AMP	peptide_test_id507
0.6125	0.3875	nonAMP	peptide_test_id508
0.24375	0.75625	AMP	peptide_test_id509
0.1125	0.8875	AMP	peptide_test_id510
0.125	0.875	AMP	peptide_test_id511
0.30625	0.69375	AMP	peptide_test_id512
0.68125	0.31875	nonAMP	peptide_test_id513
0.30625	0.69375	AMP	peptide_test_id514
0.79375	0.20625	nonAMP	peptide_test_id515
0.6375	0.3625	nonAMP	peptide_test_id516
0.34375	0.65625	AMP	peptide_test_id517
0.775	0.225	nonAMP	peptide_test_id518
0.50625	0.49375	nonAMP	peptide_test_id519
0.5125	0.4875	nonAMP	peptide_test_id520
0.8875	0.1125	nonAMP	peptide_test_id521
0.55	0.45	nonAMP	peptide_test_id522
0.73125	0.26875	nonAMP	peptide_test_id523
0.70625	0.29375	nonAMP	peptide_test_id524
0.025	0.975	AMP	peptide_test_id525
0.26875	0.73125	AMP	peptide_test_id526
0.20625	0.79375	AMP	peptide_test_id527
0.50625	0.49375	nonAMP	peptide_test_id528
0.325	0.675	AMP	peptide_test_id529
0.775	0.225	nonAMP	peptide_test_id530
0.51875	0.48125	nonAMP	peptide_test_id531
0.2	0.8	AMP	peptide_test_id532
0.1	0.9	AMP	peptide_test_id533
0.18125	0.81875	AMP	peptide_test_id534
0.4125	0.5875	AMP	peptide_test_id535
0.475	0.525	AMP	peptide_test_id536
0.35	0.65	AMP	peptide_test_id537
0.6	0.4	nonAMP	peptide_test_id538
0.74375	0.25625	nonAMP	peptide_test_id539
0.70625	0.29375	nonAMP	peptide_test_id540
0.4875	0.5125	AMP	peptide_test_id541
0.3875	0.6125	AMP	peptide_test_id542
0.6125	0.3875	nonAMP	peptide_test_id543
0.45625	0.54375	AMP	peptide_test_id544
0.74375	0.25625	nonAMP	peptide_test_id545
0.0875	0.9125	AMP	peptide_test_id546
0.36875	0.63125	AMP	peptide_test_id547
0.58125	0.41875	nonAMP	peptide_test_id548
0.8875	0.1125	nonAMP	peptide_test_id549
0.71875	0.28125	nonAMP	peptide_test_id550
0.05	0.95	AMP	peptide_test_id551
0.4375	0.5625	AMP	peptide_test_id552
0.56875	0.43125	nonAMP	peptide_test_id553
0.24375	0.75625	AMP	peptide_test_id554
0.225	0.775	AMP	peptide_test_id555
0.5	0.5	nonAMP	peptide_test_id556
0.50625	0.49375	nonAMP	peptide_test_id557
0.69375	0.30625	nonAMP	peptide_test_id558
0.575	0.425	nonAMP	peptide_test_id559
0.5375	0.4625	nonAMP	peptide_test_id560
0.2125	0.7875	AMP	peptide_test_id561
0.2875	0.7125	AMP	peptide_test_id562
0.6125	0.3875	nonAMP	peptide_test_id563
0.9	0.1	nonAMP	peptide_test_id564
0.2875	0.7125	AMP	peptide_test_id565
0.01875	0.98125	AMP	peptide_test_id566
0.275	0.725	AMP	peptide_test_id567
0.9125	0.0875	nonAMP	peptide_test_id568
0.85625	0.14375	nonAMP	peptide_test_id569
0.21875	0.78125	AMP	peptide_test_id570
0.475	0.525	AMP	peptide_test_id571
0.6625	0.3375	nonAMP	peptide_test_id572
0.38125	0.61875	AMP	peptide_test_id573
0.86875	0.13125	nonAMP	peptide_test_id574
0.54375	0.45625	nonAMP	peptide_test_id575
0.84375	0.15625	nonAMP	peptide_test_id576
0.35	0.65	AMP	peptide_test_id577
0.9125	0.0875	nonAMP	peptide_test_id578
0.575	0.425	nonAMP	peptide_test_id579
0.3125	0.6875	AMP	peptide_test_id580
0.81875	0.18125	nonAMP	peptide_test_id581
0.1875	0.8125	AMP	peptide_test_id582
0.3875	0.6125	AMP	peptide_test_id583
0.775	0.225	nonAMP	peptide_test_id584
0.5125	0.4875	nonAMP	peptide_test_id585
0.84375	0.15625	nonAMP	peptide_test_id586
0.7375	0.2625	nonAMP	peptide_test_id587
0.65625	0.34375	nonAMP	peptide_test_id588
0.6	0.4	nonAMP	peptide_test_id589
0.66875	0.33125	nonAMP	peptide_test_id590
0.26875	0.73125	AMP	peptide_test_id591
0.31875	0.68125	AMP	peptide_test_id592
0.2125	0.7875	AMP	peptide_test_id593
0.55	0.45	nonAMP	peptide_test_id594
0.34375	0.65625	AMP	peptide_test_id595
0.00625	0.99375	AMP	peptide_test_id596
0.40625	0.59375	AMP	peptide_test_id597
0.7125	0.2875	nonAMP	peptide_test_id598
0.44375	0.55625	AMP	peptide_test_id599
0.58125	0.41875	nonAMP	peptide_test_id600
0.41875	0.58125	AMP	peptide_test_id601
0.7	0.3	nonAMP	peptide_test_id602
0.6375	0.3625	nonAMP	peptide_test_id603
0.15625	0.84375	AMP	peptide_test_id604
0.3625	0.6375	AMP	peptide_test_id605
0.56875	0.43125	nonAMP	peptide_test_id606
0.43125	0.56875	AMP	peptide_test_id607
0.1375	0.8625	AMP	peptide_test_id608
0.9125	0.0875	nonAMP	peptide_test_id609
0.15	0.85	AMP	peptide_test_id610
0.8125	0.1875	nonAMP	peptide_test_id611
0.075	0.925	AMP	peptide_test_id612
0.03125	0.96875	AMP	peptide_test_id613
0.8375	0.1625	nonAMP	peptide_test_id614
0.54375	0.45625	nonAMP	peptide_test_id615
0.275	0.725	AMP	peptide_test_id616
0.55	0.45	nonAMP	peptide_test_id617
0.3125	0.6875	AMP	peptide_test_id618
0.73125	0.26875	nonAMP	peptide_test_id619
0.0125	0.9875	AMP	peptide_test_id620
0.04375	0.95625	AMP	peptide_test_id621
0.325	0.675	AMP	peptide_test_id622
0.225	0.775	AMP	peptide_test_id623
0.6875	0.3125	nonAMP	peptide_test_id624
0.78125	0.21875	nonAMP	peptide_test_id625
0.775	0.225	nonAMP	peptide_test_id626
0.6375	0.3625	nonAMP	peptide_test_id627
0.5875	0.4125	nonAMP	peptide_test_id628
0.80625	0.19375	nonAMP	peptide_test_id629
0.025	0.975	AMP	peptide_test_id630
0.23125	0.76875	AMP	peptide_test_id631
0.21875	0.78125	AMP	peptide_test_id632
0.89375	0.10625	nonAMP	peptide_test_id633
0.59375	0.40625	nonAMP	peptide_test_id634
0.575	0.425	nonAMP	peptide_test_id635
0.55625	0.44375	nonAMP	peptide_test_id636
0.35625	0.64375	AMP	peptide_test_id637
0.26875	0.73125	AMP	peptide_test_id638
0.30625	0.69375	AMP	peptide_test_id639
0.6125	0.3875	nonAMP	peptide_test_id640
0.75625	0.24375	nonAMP	peptide_test_id641
0.81875	0.18125	nonAMP	peptide_test_id642
0.89375	0.10625	nonAMP	peptide_test_id643
0.11875	0.88125	AMP	peptide_test_id644
0.41875	0.58125	AMP	peptide_test_id645
0.05	0.95	AMP	peptide_test_id646
0.33125	0.66875	AMP	peptide_test_id647
0.8	0.2	nonAMP	peptide_test_id648
0.875	0.125	nonAMP	peptide_test_id649
0.10625	0.89375	AMP	peptide_test_id650
0.40625	0.59375	AMP	peptide_test_id651
0.53125	0.46875	nonAMP	peptide_test_id652
0.525	0.475	nonAMP	peptide_test_id653
0.06875	0.93125	AMP	peptide_test_id654
0.825	0.175	nonAMP	peptide_test_id655
0.85625	0.14375	nonAMP	peptide_test_id656
0.825	0.175	nonAMP	peptide_test_id657
0.81875	0.18125	nonAMP	peptide_test_id658
0.23125	0.76875	AMP	peptide_test_id659
0.53125	0.46875	nonAMP	peptide_test_id660
0.55625	0.44375	nonAMP	peptide_test_id661
0.28125	0.71875	AMP	peptide_test_id662
0.65625	0.34375	nonAMP	peptide_test_id663
0.26875	0.73125	AMP	peptide_test_id664
0.55625	0.44375	nonAMP	peptide_test_id665
0.9375	0.0625	nonAMP	peptide_test_id666
0.45	0.55	AMP	peptide_test_id667
0.76875	0.23125	nonAMP	peptide_test_id668
0.58125	0.41875	nonAMP	peptide_test_id669
0.125	0.875	AMP	peptide_test_id670
0.56875	0.43125	nonAMP	peptide_test_id671
0.6125	0.3875	nonAMP	peptide_test_id672
0.28125	0.71875	AMP	peptide_test_id673
0.79375	0.20625	nonAMP	peptide_test_id674
0.09375	0.90625	AMP	peptide_test_id675
0.725	0.275	nonAMP	peptide_test_id676
0.33125	0.66875	AMP	peptide_test_id677
0.1625	0.8375	AMP	peptide_test_id678
0.91875	0.08125	nonAMP	peptide_test_id679
0.5375	0.4625	nonAMP	peptide_test_id680
0.475	0.525	AMP	peptide_test_id681
0.64375	0.35625	nonAMP	peptide_test_id682
0.025	0.975	AMP	peptide_test_id683
0.9	0.1	nonAMP	peptide_test_id684
0.66875	0.33125	nonAMP	peptide_test_id685
0.7	0.3	nonAMP	peptide_test_id686
0.1125	0.8875	AMP	peptide_test_id687
0.01875	0.98125	AMP	peptide_test_id688
0.48125	0.51875	AMP	peptide_test_id689
0.0625	0.9375	AMP	peptide_test_id690
0.43125	0.56875	AMP	peptide_test_id691
0.65	0.35	nonAMP	peptide_test_id692
0.9625	0.0375	nonAMP	peptide_test_id693
0.15625	0.84375	AMP	peptide_test_id694
0.00625	0.99375	AMP	peptide_test_id695
0.69375	0.30625	nonAMP	peptide_test_id696
0.0375	0.9625	AMP	peptide_test_id697
0.5	0.5	nonAMP	peptide_test_id698
0.06875	0.93125	AMP	peptide_test_id699
0.50625	0.49375	nonAMP	peptide_test_id700
0.91875	0.08125	nonAMP	peptide_test_id701
0.925	0.075	nonAMP	peptide_test_id702
0.5	0.5	nonAMP	peptide_test_id703
0.55	0.45	nonAMP	peptide_test_id704
0.74375	0.25625	nonAMP	peptide_test_id705
0.33125	0.66875	AMP	peptide_test_id706
0.1875	0.8125	AMP	peptide_test_id707
0.66875	0.33125	nonAMP	peptide_test_id708
0.09375	0.90625	AMP	peptide_test_id709
0.46875	0.53125	AMP	peptide_test_id710
0.65625	0.34375	nonAMP	peptide_test_id711
0.0875	0.9125	AMP	peptide_test_id712
0.94375	0.05625	nonAMP	peptide_test_id713
0.7875	0.2125	nonAMP	peptide_test_id714
0.55	0.45	nonAMP	peptide_test_id715
0.73125	0.26875	nonAMP	peptide_test_id716
0.3625	0.6375	AMP	peptide_test_id717
0.41875	0.58125	AMP	peptide_test_id718
0.35625	0.64375	AMP	peptide_test_id719
0.0	1.0	AMP	peptide_test_id720
0.15625	0.84375	AMP	peptide_test_id721
0.075	0.925	AMP	peptide_test_id722
0.43125	0.56875	AMP	peptide_test_id723
0.81875	0.18125	nonAMP	peptide_test_id724
0.225	0.775	AMP	peptide_test_id725
0.9875	0.0125	nonAMP	peptide_test_id726
0.0375	0.9625	AMP	peptide_test_id727
0.25	0.75	AMP	peptide_test_id728
0.63125	0.36875	nonAMP	peptide_test_id729
0.45625	0.54375	AMP	peptide_test_id730
0.21875	0.78125	AMP	peptide_test_id731
0.7	0.3	nonAMP	peptide_test_id732
0.0	1.0	AMP	peptide_test_id733
0.3375	0.6625	AMP	peptide_test_id734
0.375	0.625	AMP	peptide_test_id735
0.21875	0.78125	AMP	peptide_test_id736
0.84375	0.15625	nonAMP	peptide_test_id737
0.40625	0.59375	AMP	peptide_test_id738
0.0	1.0	AMP	peptide_test_id739
0.5875	0.4125	nonAMP	peptide_test_id740
0.6	0.4	nonAMP	peptide_test_id741
0.31875	0.68125	AMP	peptide_test_id742
0.85625	0.14375	nonAMP	peptide_test_id743
0.65625	0.34375	nonAMP	peptide_test_id744
0.0375	0.9625	AMP	peptide_test_id745
0.85	0.15	nonAMP	peptide_test_id746
0.81875	0.18125	nonAMP	peptide_test_id747
0.68125	0.31875	nonAMP	peptide_test_id748
0.9125	0.0875	nonAMP	peptide_test_id749
0.525	0.475	nonAMP	peptide_test_id750
0.4625	0.5375	AMP	peptide_test_id751
0.78125	0.21875	nonAMP	peptide_test_id752
0.5125	0.4875	nonAMP	peptide_test_id753
0.5375	0.4625	nonAMP	peptide_test_id754
0.8875	0.1125	nonAMP	peptide_test_id755
0.54375	0.45625	nonAMP	peptide_test_id756
0.7125	0.2875	nonAMP	peptide_test_id757
0.9125	0.0875	nonAMP	peptide_test_id758
0.8625	0.1375	nonAMP	peptide_test_id759
0.58125	0.41875	nonAMP	peptide_test_id760
0.29375	0.70625	AMP	peptide_test_id761
0.09375	0.90625	AMP	peptide_test_id762
0.66875	0.33125	nonAMP	peptide_test_id763
0.50625	0.49375	nonAMP	peptide_test_id764
0.49375	0.50625	AMP	peptide_test_id765
0.58125	0.41875	nonAMP	peptide_test_id766
0.94375	0.05625	nonAMP	peptide_test_id767
0.93125	0.06875	nonAMP	peptide_test_id768
0.5625	0.4375	nonAMP	peptide_test_id769
0.2375	0.7625	AMP	peptide_test_id770
0.825	0.175	nonAMP	peptide_test_id771
0.64375	0.35625	nonAMP	peptide_test_id772
0.68125	0.31875	nonAMP	peptide_test_id773
0.9125	0.0875	nonAMP	peptide_test_id774
0.2625	0.7375	AMP	peptide_test_id775
0.425	0.575	AMP	peptide_test_id776
0.2375	0.7625	AMP	peptide_test_id777
0.33125	0.66875	AMP	peptide_test_id778
0.44375	0.55625	AMP	peptide_test_id779
0.54375	0.45625	nonAMP	peptide_test_id780
0.71875	0.28125	nonAMP	peptide_test_id781
0.39375	0.60625	AMP	peptide_test_id782
0.86875	0.13125	nonAMP	peptide_test_id783
0.45625	0.54375	AMP	peptide_test_id784
0.18125	0.81875	AMP	peptide_test_id785
0.5125	0.4875	nonAMP	peptide_test_id786
0.6125	0.3875	nonAMP	peptide_test_id787
0.875	0.125	nonAMP	peptide_test_id788
0.7625	0.2375	nonAMP	peptide_test_id789
0.1	0.9	AMP	peptide_test_id790
0.49375	0.50625	AMP	peptide_test_id791
0.0375	0.9625	AMP	peptide_test_id792
0.8125	0.1875	nonAMP	peptide_test_id793
0.4875	0.5125	AMP	peptide_test_id794
0.6875	0.3125	nonAMP	peptide_test_id795
0.2625	0.7375	AMP	peptide_test_id796
0.45	0.55	AMP	peptide_test_id797
0.7125	0.2875	nonAMP	peptide_test_id798
0.95	0.05	nonAMP	peptide_test_id799
0.41875	0.58125	AMP	peptide_test_id800
0.5125	0.4875	nonAMP	peptide_test_id801
0.475	0.525	AMP	peptide_test_id802
0.3125	0.6875	AMP	peptide_test_id803
0.5375	0.4625	nonAMP	peptide_test_id804
0.4	0.6	AMP	peptide_test_id805
0.7125	0.2875	nonAMP	peptide_test_id806
0.43125	0.56875	AMP	peptide_test_id807
0.44375	0.55625	AMP	peptide_test_id808
0.1125	0.8875	AMP	peptide_test_id809
0.93125	0.06875	nonAMP	peptide_test_id810
0.00625	0.99375	AMP	peptide_test_id811
0.7	0.3	nonAMP	peptide_test_id812
0.425	0.575	AMP	peptide_test_id813
0.4875	0.5125	AMP	peptide_test_id814
0.83125	0.16875	nonAMP	peptide_test_id815
0.6375	0.3625	nonAMP	peptide_test_id816
0.03125	0.96875	AMP	peptide_test_id817
0.03125	0.96875	AMP	peptide_test_id818
0.53125	0.46875	nonAMP	peptide_test_id819
0.10625	0.89375	AMP	peptide_test_id820
0.4125	0.5875	AMP	peptide_test_id821
0.6	0.4	nonAMP	peptide_test_id822
0.01875	0.98125	AMP	peptide_test_id823
0.5375	0.4625	nonAMP	peptide_test_id824
0.75	0.25	nonAMP	peptide_test_id825
0.475	0.525	AMP	peptide_test_id826
0.425	0.575	AMP	peptide_test_id827
0.29375	0.70625	AMP	peptide_test_id828
0.13125	0.86875	AMP	peptide_test_id829
0.16875	0.83125	AMP	peptide_test_id830
0.85	0.15	nonAMP	peptide_test_id831
0.16875	0.83125	AMP	peptide_test_id832
0.05625	0.94375	AMP	peptide_test_id833
0.41875	0.58125	AMP	peptide_test_id834
0.94375	0.05625	nonAMP	peptide_test_id835
0.73125	0.26875	nonAMP	peptide_test_id836
0.325	0.675	AMP	peptide_test_id837
0.86875	0.13125	nonAMP	peptide_test_id838
0.84375	0.15625	nonAMP	peptide_test_id839
0.49375	0.50625	AMP	peptide_test_id840
0.75625	0.24375	nonAMP	peptide_test_id841
0.01875	0.98125	AMP	peptide_test_id842
0.46875	0.53125	AMP	peptide_test_id843
0.89375	0.10625	nonAMP	peptide_test_id844
0.63125	0.36875	nonAMP	peptide_test_id845
0.01875	0.98125	AMP	peptide_test_id846
0.49375	0.50625	AMP	peptide_test_id847
0.14375	0.85625	AMP	peptide_test_id848
0.19375	0.80625	AMP	peptide_test_id849
0.775	0.225	nonAMP	peptide_test_id850
0.79375	0.20625	nonAMP	peptide_test_id851
0.8	0.2	nonAMP	peptide_test_id852
0.525	0.475	nonAMP	peptide_test_id853
0.3375	0.6625	AMP	peptide_test_id854
0.54375	0.45625	nonAMP	peptide_test_id855
0.6	0.4	nonAMP	peptide_test_id856
0.15	0.85	AMP	peptide_test_id857
0.4625	0.5375	AMP	peptide_test_id858
0.73125	0.26875	nonAMP	peptide_test_id859
0.2875	0.7125	AMP	peptide_test_id860
0.85	0.15	nonAMP	peptide_test_id861
0.8875	0.1125	nonAMP	peptide_test_id862
0.6125	0.3875	nonAMP	peptide_test_id863
0.06875	0.93125	AMP	peptide_test_id864
0.45625	0.54375	AMP	peptide_test_id865
0.025	0.975	AMP	peptide_test_id866
0.06875	0.93125	AMP	peptide_test_id867
0.73125	0.26875	nonAMP	peptide_test_id868
0.83125	0.16875	nonAMP	peptide_test_id869
0.325	0.675	AMP	peptide_test_id870
0.08125	0.91875	AMP	peptide_test_id871
0.30625	0.69375	AMP	peptide_test_id872
0.29375	0.70625	AMP	peptide_test_id873
0.04375	0.95625	AMP	peptide_test_id874
0.5875	0.4125	nonAMP	peptide_test_id875
0.85625	0.14375	nonAMP	peptide_test_id876
0.6125	0.3875	nonAMP	peptide_test_id877
0.30625	0.69375	AMP	peptide_test_id878
0.3125	0.6875	AMP	peptide_test_id879
0.475	0.525	AMP	peptide_test_id880
0.24375	0.75625	AMP	peptide_test_id881
0.73125	0.26875	nonAMP	peptide_test_id882
0.69375	0.30625	nonAMP	peptide_test_id883
0.1625	0.8375	AMP	peptide_test_id884
0.71875	0.28125	nonAMP	peptide_test_id885
0.01875	0.98125	AMP	peptide_test_id886
0.4375	0.5625	AMP	peptide_test_id887
0.1625	0.8375	AMP	peptide_test_id888
0.6375	0.3625	nonAMP	peptide_test_id889
0.01875	0.98125	AMP	peptide_test_id890
0.0	1.0	AMP	peptide_test_id891
0.3875	0.6125	AMP	peptide_test_id892
0.00625	0.99375	AMP	peptide_test_id893
0.825	0.175	nonAMP	peptide_test_id894
0.48125	0.51875	AMP	peptide_test_id895
0.7625	0.2375	nonAMP	peptide_test_id896
0.25625	0.74375	AMP	peptide_test_id897
0.26875	0.73125	AMP	peptide_test_id898
0.3625	0.6375	AMP	peptide_test_id899
0.21875	0.78125	AMP	peptide_test_id900
0.28125	0.71875	AMP	peptide_test_id901
0.8625	0.1375	nonAMP	peptide_test_id902
0.40625	0.59375	AMP	peptide_test_id903
0.76875	0.23125	nonAMP	peptide_test_id904
0.46875	0.53125	AMP	peptide_test_id905
0.8625	0.1375	nonAMP	peptide_test_id906
0.18125	0.81875	AMP	peptide_test_id907
0.18125	0.81875	AMP	peptide_test_id908
0.36875	0.63125	AMP	peptide_test_id909
0.8	0.2	nonAMP	peptide_test_id910
0.5875	0.4125	nonAMP	peptide_test_id911
0.5625	0.4375	nonAMP	peptide_test_id912
0.76875	0.23125	nonAMP	peptide_test_id913
0.1875	0.8125	AMP	peptide_test_id914
0.975	0.025	nonAMP	peptide_test_id915
0.59375	0.40625	nonAMP	peptide_test_id916
0.29375	0.70625	AMP	peptide_test_id917
0.81875	0.18125	nonAMP	peptide_test_id918
0.9625	0.0375	nonAMP	peptide_test_id919
0.825	0.175	nonAMP	peptide_test_id920
0.9375	0.0625	nonAMP	peptide_test_id921
0.775	0.225	nonAMP	peptide_test_id922
0.13125	0.86875	AMP	peptide_test_id923
0.44375	0.55625	AMP	peptide_test_id924
0.29375	0.70625	AMP	peptide_test_id925
0.8125	0.1875	nonAMP	peptide_test_id926
0.68125	0.31875	nonAMP	peptide_test_id927
0.70625	0.29375	nonAMP	peptide_test_id928
0.60625	0.39375	nonAMP	peptide_test_id929
0.0125	0.9875	AMP	peptide_test_id930
0.56875	0.43125	nonAMP	peptide_test_id931
0.675	0.325	nonAMP	peptide_test_id932
0.1375	0.8625	AMP	peptide_test_id933
0.91875	0.08125	nonAMP	peptide_test_id934
0.59375	0.40625	nonAMP	peptide_test_id935
0.80625	0.19375	nonAMP	peptide_test_id936
0.5625	0.4375	nonAMP	peptide_test_id937
0.10625	0.89375	AMP	peptide_test_id938
0.06875	0.93125	AMP	peptide_test_id939
0.30625	0.69375	AMP	peptide_test_id940
0.5625	0.4375	nonAMP	peptide_test_id941
0.6875	0.3125	nonAMP	peptide_test_id942
0.06875	0.93125	AMP	peptide_test_id943
0.4875	0.5125	AMP	peptide_test_id944
0.575	0.425	nonAMP	peptide_test_id945
0.675	0.325	nonAMP	peptide_test_id946
0.625	0.375	nonAMP	peptide_test_id947
0.88125	0.11875	nonAMP	peptide_test_id948
0.075	0.925	AMP	peptide_test_id949
0.34375	0.65625	AMP	peptide_test_id950
0.50625	0.49375	nonAMP	peptide_test_id951
0.5625	0.4375	nonAMP	peptide_test_id952
0.1625	0.8375	AMP	peptide_test_id953
0.61875	0.38125	nonAMP	peptide_test_id954
0.95625	0.04375	nonAMP	peptide_test_id955
0.56875	0.43125	nonAMP	peptide_test_id956
0.23125	0.76875	AMP	peptide_test_id957
0.7625	0.2375	nonAMP	peptide_test_id958
0.8625	0.1375	nonAMP	peptide_test_id959
0.51875	0.48125	nonAMP	peptide_test_id960
0.1	0.9	AMP	peptide_test_id961
0.70625	0.29375	nonAMP	peptide_test_id962
0.34375	0.65625	AMP	peptide_test_id963
0.7	0.3	nonAMP	peptide_test_id964
0.875	0.125	nonAMP	peptide_test_id965
0.2625	0.7375	AMP	peptide_test_id966
0.80625	0.19375	nonAMP	peptide_test_id967
0.65	0.35	nonAMP	peptide_test_id968
0.0	1.0	AMP	peptide_test_id969
0.6625	0.3375	nonAMP	peptide_test_id970
0.38125	0.61875	AMP	peptide_test_id971
0.125	0.875	AMP	peptide_test_id972
0.5	0.5	nonAMP	peptide_test_id973
0.7375	0.2625	nonAMP	peptide_test_id974
0.39375	0.60625	AMP	peptide_test_id975
0.83125	0.16875	nonAMP	peptide_test_id976
0.975	0.025	nonAMP	peptide_test_id977
0.1625	0.8375	AMP	peptide_test_id978
0.0	1.0	AMP	peptide_test_id979
0.45	0.55	AMP	peptide_test_id980
0.4125	0.5875	AMP	peptide_test_id981
0.89375	0.10625	nonAMP	peptide_test_id982
0.7375	0.2625	nonAMP	peptide_test_id983
0.86875	0.13125	nonAMP	peptide_test_id984
0.875	0.125	nonAMP	peptide_test_id985
0.69375	0.30625	nonAMP	peptide_test_id986
0.83125	0.16875	nonAMP	peptide_test_id987
0.14375	0.85625	AMP	peptide_test_id988
0.89375	0.10625	nonAMP	peptide_test_id989
0.38125	0.61875	AMP	peptide_test_id990
0.675	0.325	nonAMP	peptide_test_id991
0.23125	0.76875	AMP	peptide_test_id992
0.20625	0.79375	AMP	peptide_test_id993
0.65	0.35	nonAMP	peptide_test_id994
0.9	0.1	nonAMP	peptide_test_id995
0.54375	0.45625	nonAMP	peptide_test_id996
0.88125	0.11875	nonAMP	peptide_test_id997
0.35625	0.64375	AMP	peptide_test_id998
0.7	0.3	nonAMP	peptide_test_id999
0.3	0.7	AMP	peptide_test_id1000
0.35	0.65	AMP	peptide_test_id1001
0.325	0.675	AMP	peptide_test_id1002
0.925	0.075	nonAMP	peptide_test_id1003
0.35625	0.64375	AMP	peptide_test_id1004
0.69375	0.30625	nonAMP	peptide_test_id1005
0.49375	0.50625	AMP	peptide_test_id1006
0.225	0.775	AMP	peptide_test_id1007
0.08125	0.91875	AMP	peptide_test_id1008
0.68125	0.31875	nonAMP	peptide_test_id1009
0.36875	0.63125	AMP	peptide_test_id1010
0.5125	0.4875	nonAMP	peptide_test_id1011
0.08125	0.91875	AMP	peptide_test_id1012
0.5125	0.4875	nonAMP	peptide_test_id1013
0.71875	0.28125	nonAMP	peptide_test_id1014
0.25625	0.74375	AMP	peptide_test_id1015
0.88125	0.11875	nonAMP	peptide_test_id1016
0.78125	0.21875	nonAMP	peptide_test_id1017
0.83125	0.16875	nonAMP	peptide_test_id1018
0.0625	0.9375	AMP	peptide_test_id1019
0.0125	0.9875	AMP	peptide_test_id1020
0.4375	0.5625	AMP	peptide_test_id1021
0.69375	0.30625	nonAMP	peptide_test_id1022
0.04375	0.95625	AMP	peptide_test_id1023
0.49375	0.50625	AMP	peptide_test_id1024
0.7375	0.2625	nonAMP	peptide_test_id1025
0.525	0.475	nonAMP	peptide_test_id1026
0.78125	0.21875	nonAMP	peptide_test_id1027
0.7125	0.2875	nonAMP	peptide_test_id1028
0.9	0.1	nonAMP	peptide_test_id1029
0.6	0.4	nonAMP	peptide_test_id1030
0.18125	0.81875	AMP	peptide_test_id1031
0.55	0.45	nonAMP	peptide_test_id1032
0.61875	0.38125	nonAMP	peptide_test_id1033
0.5125	0.4875	nonAMP	peptide_test_id1034
0.14375	0.85625	AMP	peptide_test_id1035
0.90625	0.09375	nonAMP	peptide_test_id1036
0.49375	0.50625	AMP	peptide_test_id1037
0.19375	0.80625	AMP	peptide_test_id1038
0.95	0.05	nonAMP	peptide_test_id1039
0.25	0.75	AMP	peptide_test_id1040
0.85625	0.14375	nonAMP	peptide_test_id1041
0.625	0.375	nonAMP	peptide_test_id1042
0.59375	0.40625	nonAMP	peptide_test_id1043
0.525	0.475	nonAMP	peptide_test_id1044
0.29375	0.70625	AMP	peptide_test_id1045
0.54375	0.45625	nonAMP	peptide_test_id1046
0.05	0.95	AMP	peptide_test_id1047
0.53125	0.46875	nonAMP	peptide_test_id1048
0.1875	0.8125	AMP	peptide_test_id1049
0.05625	0.94375	AMP	peptide_test_id1050
0.93125	0.06875	nonAMP	peptide_test_id1051
0.66875	0.33125	nonAMP	peptide_test_id1052
0.625	0.375	nonAMP	peptide_test_id1053
0.7625	0.2375	nonAMP	peptide_test_id1054
0.98125	0.01875	nonAMP	peptide_test_id1055
0.58125	0.41875	nonAMP	peptide_test_id1056
0.6	0.4	nonAMP	peptide_test_id1057
0.65625	0.34375	nonAMP	peptide_test_id1058
0.58125	0.41875	nonAMP	peptide_test_id1059
0.725	0.275	nonAMP	peptide_test_id1060
0.50625	0.49375	nonAMP	peptide_test_id1061
0.51875	0.48125	nonAMP	peptide_test_id1062
0.7125	0.2875	nonAMP	peptide_test_id1063
0.5375	0.4625	nonAMP	peptide_test_id1064
0.01875	0.98125	AMP	peptide_test_id1065
0.6	0.4	nonAMP	peptide_test_id1066
0.74375	0.25625	nonAMP	peptide_test_id1067
0.56875	0.43125	nonAMP	peptide_test_id1068
0.1	0.9	AMP	peptide_test_id1069
0.8125	0.1875	nonAMP	peptide_test_id1070
0.375	0.625	AMP	peptide_test_id1071
0.2625	0.7375	AMP	peptide_test_id1072
0.575	0.425	nonAMP	peptide_test_id1073
0.775	0.225	nonAMP	peptide_test_id1074
0.1875	0.8125	AMP	peptide_test_id1075
0.53125	0.46875	nonAMP	peptide_test_id1076
0.65	0.35	nonAMP	peptide_test_id1077
0.81875	0.18125	nonAMP	peptide_test_id1078
0.10625	0.89375	AMP	peptide_test_id1079
0.48125	0.51875	AMP	peptide_test_id1080
0.325	0.675	AMP	peptide_test_id1081
0.6625	0.3375	nonAMP	peptide_test_id1082
0.5	0.5	nonAMP	peptide_test_id1083
0.55	0.45	nonAMP	peptide_test_id1084
0.78125	0.21875	nonAMP	peptide_test_id1085
0.91875	0.08125	nonAMP	peptide_test_id1086
0.825	0.175	nonAMP	peptide_test_id1087
0.7125	0.2875	nonAMP	peptide_test_id1088
0.54375	0.45625	nonAMP	peptide_test_id1089
0.05	0.95	AMP	peptide_test_id1090
0.48125	0.51875	AMP	peptide_test_id1091
0.5375	0.4625	nonAMP	peptide_test_id1092
0.88125	0.11875	nonAMP	peptide_test_id1093
0.55625	0.44375	nonAMP	peptide_test_id1094
0.14375	0.85625	AMP	peptide_test_id1095
0.825	0.175	nonAMP	peptide_test_id1096
0.35	0.65	AMP	peptide_test_id1097
0.75625	0.24375	nonAMP	peptide_test_id1098
0.5875	0.4125	nonAMP	peptide_test_id1099
0.35625	0.64375	AMP	peptide_test_id1100
0.0375	0.9625	AMP	peptide_test_id1101
0.4125	0.5875	AMP	peptide_test_id1102
0.0625	0.9375	AMP	peptide_test_id1103
0.2375	0.7625	AMP	peptide_test_id1104
0.36875	0.63125	AMP	peptide_test_id1105
0.50625	0.49375	nonAMP	peptide_test_id1106
0.85625	0.14375	nonAMP	peptide_test_id1107
0.58125	0.41875	nonAMP	peptide_test_id1108
0.74375	0.25625	nonAMP	peptide_test_id1109
0.33125	0.66875	AMP	peptide_test_id1110
0.55625	0.44375	nonAMP	peptide_test_id1111
0.45625	0.54375	AMP	peptide_test_id1112
0.6875	0.3125	nonAMP	peptide_test_id1113
0.40625	0.59375	AMP	peptide_test_id1114
0.9375	0.0625	nonAMP	peptide_test_id1115
0.54375	0.45625	nonAMP	peptide_test_id1116
0.84375	0.15625	nonAMP	peptide_test_id1117
0.65	0.35	nonAMP	peptide_test_id1118
0.4875	0.5125	AMP	peptide_test_id1119
0.5625	0.4375	nonAMP	peptide_test_id1120
0.45	0.55	AMP	peptide_test_id1121
0.025	0.975	AMP	peptide_test_id1122
0.1625	0.8375	AMP	peptide_test_id1123
0.06875	0.93125	AMP	peptide_test_id1124
0.10625	0.89375	AMP	peptide_test_id1125
0.00625	0.99375	AMP	peptide_test_id1126
0.84375	0.15625	nonAMP	peptide_test_id1127
0.025	0.975	AMP	peptide_test_id1128
0.54375	0.45625	nonAMP	peptide_test_id1129
0.54375	0.45625	nonAMP	peptide_test_id1130
0.78125	0.21875	nonAMP	peptide_test_id1131
0.6	0.4	nonAMP	peptide_test_id1132
0.4	0.6	AMP	peptide_test_id1133
0.525	0.475	nonAMP	peptide_test_id1134
0.6	0.4	nonAMP	peptide_test_id1135
0.65	0.35	nonAMP	peptide_test_id1136
0.84375	0.15625	nonAMP	peptide_test_id1137
0.38125	0.61875	AMP	peptide_test_id1138
0.28125	0.71875	AMP	peptide_test_id1139
0.08125	0.91875	AMP	peptide_test_id1140
0.8125	0.1875	nonAMP	peptide_test_id1141
0.4125	0.5875	AMP	peptide_test_id1142
0.55625	0.44375	nonAMP	peptide_test_id1143
0.3125	0.6875	AMP	peptide_test_id1144
0.26875	0.73125	AMP	peptide_test_id1145
0.14375	0.85625	AMP	peptide_test_id1146
0.475	0.525	AMP	peptide_test_id1147
0.01875	0.98125	AMP	peptide_test_id1148
0.025	0.975	AMP	peptide_test_id1149
0.05	0.95	AMP	peptide_test_id1150
0.7	0.3	nonAMP	peptide_test_id1151
0.0375	0.9625	AMP	peptide_test_id1152
0.2375	0.7625	AMP	peptide_test_id1153
0.3875	0.6125	AMP	peptide_test_id1154
0.10625	0.89375	AMP	peptide_test_id1155
0.36875	0.63125	AMP	peptide_test_id1156
0.6375	0.3625	nonAMP	peptide_test_id1157
0.275	0.725	AMP	peptide_test_id1158
0.53125	0.46875	nonAMP	peptide_test_id1159
0.7125	0.2875	nonAMP	peptide_test_id1160
0.39375	0.60625	AMP	peptide_test_id1161
0.74375	0.25625	nonAMP	peptide_test_id1162
0.84375	0.15625	nonAMP	peptide_test_id1163
0.88125	0.11875	nonAMP	peptide_test_id1164
0.73125	0.26875	nonAMP	peptide_test_id1165
0.90625	0.09375	nonAMP	peptide_test_id1166
0.53125	0.46875	nonAMP	peptide_test_id1167
0.33125	0.66875	AMP	peptide_test_id1168
0.0875	0.9125	AMP	peptide_test_id1169
0.00625	0.99375	AMP	peptide_test_id1170
0.0875	0.9125	AMP	peptide_test_id1171
0.7375	0.2625	nonAMP	peptide_test_id1172
0.1125	0.8875	AMP	peptide_test_id1173
0.90625	0.09375	nonAMP	peptide_test_id1174
0.60625	0.39375	nonAMP	peptide_test_id1175
0.2	0.8	AMP	peptide_test_id1176
0.85625	0.14375	nonAMP	peptide_test_id1177
0.425	0.575	AMP	peptide_test_id1178
0.59375	0.40625	nonAMP	peptide_test_id1179
0.575	0.425	nonAMP	peptide_test_id1180
0.40625	0.59375	AMP	peptide_test_id1181
0.0875	0.9125	AMP	peptide_test_id1182
0.55625	0.44375	nonAMP	peptide_test_id1183
0.83125	0.16875	nonAMP	peptide_test_id1184
0.5375	0.4625	nonAMP	peptide_test_id1185
0.85	0.15	nonAMP	peptide_test_id1186
0.4875	0.5125	AMP	peptide_test_id1187
0.7875	0.2125	nonAMP	peptide_test_id1188
0.10625	0.89375	AMP	peptide_test_id1189
0.51875	0.48125	nonAMP	peptide_test_id1190
0.46875	0.53125	AMP	peptide_test_id1191
0.175	0.825	AMP	peptide_test_id1192
0.1875	0.8125	AMP	peptide_test_id1193
0.0	1.0	AMP	peptide_test_id1194
0.6875	0.3125	nonAMP	peptide_test_id1195
0.26875	0.73125	AMP	peptide_test_id1196
0.5	0.5	nonAMP	peptide_test_id1197
0.5125	0.4875	nonAMP	peptide_test_id1198
0.03125	0.96875	AMP	peptide_test_id1199
0.8125	0.1875	nonAMP	peptide_test_id1200
0.59375	0.40625	nonAMP	peptide_test_id1201
0.7625	0.2375	nonAMP	peptide_test_id1202
0.775	0.225	nonAMP	peptide_test_id1203
0.11875	0.88125	AMP	peptide_test_id1204
0.51875	0.48125	nonAMP	peptide_test_id1205
0.74375	0.25625	nonAMP	peptide_test_id1206
0.8	0.2	nonAMP	peptide_test_id1207
0.38125	0.61875	AMP	peptide_test_id1208
0.55625	0.44375	nonAMP	peptide_test_id1209
0.5625	0.4375	nonAMP	peptide_test_id1210
0.725	0.275	nonAMP	peptide_test_id1211
0.50625	0.49375	nonAMP	peptide_test_id1212
0.80625	0.19375	nonAMP	peptide_test_id1213
0.61875	0.38125	nonAMP	peptide_test_id1214
0.0375	0.9625	AMP	peptide_test_id1215
0.225	0.775	AMP	peptide_test_id1216
0.5375	0.4625	nonAMP	peptide_test_id1217
0.59375	0.40625	nonAMP	peptide_test_id1218
0.83125	0.16875	nonAMP	peptide_test_id1219
0.3625	0.6375	AMP	peptide_test_id1220
0.45	0.55	AMP	peptide_test_id1221
0.6125	0.3875	nonAMP	peptide_test_id1222
0.81875	0.18125	nonAMP	peptide_test_id1223
0.0125	0.9875	AMP	peptide_test_id1224
0.41875	0.58125	AMP	peptide_test_id1225
0.49375	0.50625	AMP	peptide_test_id1226
0.79375	0.20625	nonAMP	peptide_test_id1227
0.70625	0.29375	nonAMP	peptide_test_id1228
0.625	0.375	nonAMP	peptide_test_id1229
0.0125	0.9875	AMP	peptide_test_id1230
0.1875	0.8125	AMP	peptide_test_id1231
0.41875	0.58125	AMP	peptide_test_id1232
0.8625	0.1375	nonAMP	peptide_test_id1233
0.4	0.6	AMP	peptide_test_id1234
0.1125	0.8875	AMP	peptide_test_id1235
0.4625	0.5375	AMP	peptide_test_id1236
0.83125	0.16875	nonAMP	peptide_test_id1237
0.55625	0.44375	nonAMP	peptide_test_id1238
0.14375	0.85625	AMP	peptide_test_id1239
0.3625	0.6375	AMP	peptide_test_id1240
0.5	0.5	nonAMP	peptide_test_id1241
0.48125	0.51875	AMP	peptide_test_id1242
0.19375	0.80625	AMP	peptide_test_id1243
0.6625	0.3375	nonAMP	peptide_test_id1244
0.65625	0.34375	nonAMP	peptide_test_id1245
0.65	0.35	nonAMP	peptide_test_id1246
0.56875	0.43125	nonAMP	peptide_test_id1247
0.9125	0.0875	nonAMP	peptide_test_id1248
0.1	0.9	AMP	peptide_test_id1249
0.73125	0.26875	nonAMP	peptide_test_id1250
0.75	0.25	nonAMP	peptide_test_id1251
0.1625	0.8375	AMP	peptide_test_id1252
0.95	0.05	nonAMP	peptide_test_id1253
0.6	0.4	nonAMP	peptide_test_id1254
0.625	0.375	nonAMP	peptide_test_id1255
0.675	0.325	nonAMP	peptide_test_id1256
0.7125	0.2875	nonAMP	peptide_test_id1257
0.6125	0.3875	nonAMP	peptide_test_id1258
0.9125	0.0875	nonAMP	peptide_test_id1259
0.91875	0.08125	nonAMP	peptide_test_id1260
0.68125	0.31875	nonAMP	peptide_test_id1261
0.81875	0.18125	nonAMP	peptide_test_id1262
0.225	0.775	AMP	peptide_test_id1263
0.8375	0.1625	nonAMP	peptide_test_id1264
0.48125	0.51875	AMP	peptide_test_id1265
0.4625	0.5375	AMP	peptide_test_id1266
0.33125	0.66875	AMP	peptide_test_id1267
0.95	0.05	nonAMP	peptide_test_id1268
0.28125	0.71875	AMP	peptide_test_id1269
0.5625	0.4375	nonAMP	peptide_test_id1270
0.7	0.3	nonAMP	peptide_test_id1271
0.06875	0.93125	AMP	peptide_test_id1272
0.45	0.55	AMP	peptide_test_id1273
0.83125	0.16875	nonAMP	peptide_test_id1274
0.46875	0.53125	AMP	peptide_test_id1275
0.1625	0.8375	AMP	peptide_test_id1276
0.85	0.15	nonAMP	peptide_test_id1277
0.675	0.325	nonAMP	peptide_test_id1278
0.4625	0.5375	AMP	peptide_test_id1279
0.2375	0.7625	AMP	peptide_test_id1280
0.64375	0.35625	nonAMP	peptide_test_id1281
0.55625	0.44375	nonAMP	peptide_test_id1282
0.65	0.35	nonAMP	peptide_test_id1283
0.45625	0.54375	AMP	peptide_test_id1284
0.6625	0.3375	nonAMP	peptide_test_id1285
0.19375	0.80625	AMP	peptide_test_id1286
0.64375	0.35625	nonAMP	peptide_test_id1287
0.475	0.525	AMP	peptide_test_id1288
0.6625	0.3375	nonAMP	peptide_test_id1289
0.5625	0.4375	nonAMP	peptide_test_id1290
0.00625	0.99375	AMP	peptide_test_id1291
0.55625	0.44375	nonAMP	peptide_test_id1292
0.7875	0.2125	nonAMP	peptide_test_id1293
0.375	0.625	AMP	peptide_test_id1294
0.59375	0.40625	nonAMP	peptide_test_id1295
0.45625	0.54375	AMP	peptide_test_id1296
0.4	0.6	AMP	peptide_test_id1297
0.3125	0.6875	AMP	peptide_test_id1298
0.9125	0.0875	nonAMP	peptide_test_id1299
0.75625	0.24375	nonAMP	peptide_test_id1300
0.35625	0.64375	AMP	peptide_test_id1301
0.51875	0.48125	nonAMP	peptide_test_id1302
0.54375	0.45625	nonAMP	peptide_test_id1303
0.7625	0.2375	nonAMP	peptide_test_id1304
0.0	1.0	AMP	peptide_test_id1305
0.3625	0.6375	AMP	peptide_test_id1306
0.59375	0.40625	nonAMP	peptide_test_id1307
0.71875	0.28125	nonAMP	peptide_test_id1308
0.54375	0.45625	nonAMP	peptide_test_id1309
0.5	0.5	nonAMP	peptide_test_id1310
0.34375	0.65625	AMP	peptide_test_id1311
0.43125	0.56875	AMP	peptide_test_id1312
0.64375	0.35625	nonAMP	peptide_test_id1313
0.80625	0.19375	nonAMP	peptide_test_id1314
0.70625	0.29375	nonAMP	peptide_test_id1315
0.83125	0.16875	nonAMP	peptide_test_id1316
0.35625	0.64375	AMP	peptide_test_id1317
0.58125	0.41875	nonAMP	peptide_test_id1318
0.2875	0.7125	AMP	peptide_test_id1319
0.325	0.675	AMP	peptide_test_id1320
0.86875	0.13125	nonAMP	peptide_test_id1321
0.94375	0.05625	nonAMP	peptide_test_id1322
0.625	0.375	nonAMP	peptide_test_id1323
0.075	0.925	AMP	peptide_test_id1324
0.6875	0.3125	nonAMP	peptide_test_id1325
0.24375	0.75625	AMP	peptide_test_id1326
0.66875	0.33125	nonAMP	peptide_test_id1327
0.93125	0.06875	nonAMP	peptide_test_id1328
0.7875	0.2125	nonAMP	peptide_test_id1329
0.63125	0.36875	nonAMP	peptide_test_id1330
0.675	0.325	nonAMP	peptide_test_id1331
0.5875	0.4125	nonAMP	peptide_test_id1332
0.4	0.6	AMP	peptide_test_id1333
0.15	0.85	AMP	peptide_test_id1334
0.84375	0.15625	nonAMP	peptide_test_id1335
0.775	0.225	nonAMP	peptide_test_id1336
0.825	0.175	nonAMP	peptide_test_id1337
0.80625	0.19375	nonAMP	peptide_test_id1338
0.325	0.675	AMP	peptide_test_id1339
0.2875	0.7125	AMP	peptide_test_id1340
0.1375	0.8625	AMP	peptide_test_id1341
0.53125	0.46875	nonAMP	peptide_test_id1342
0.4125	0.5875	AMP	peptide_test_id1343
0.06875	0.93125	AMP	peptide_test_id1344
0.61875	0.38125	nonAMP	peptide_test_id1345
0.08125	0.91875	AMP	peptide_test_id1346
0.20625	0.79375	AMP	peptide_test_id1347
0.125	0.875	AMP	peptide_test_id1348
0.65625	0.34375	nonAMP	peptide_test_id1349
0.0	1.0	AMP	peptide_test_id1350
0.51875	0.48125	nonAMP	peptide_test_id1351
0.1375	0.8625	AMP	peptide_test_id1352
0.9375	0.0625	nonAMP	peptide_test_id1353
0.56875	0.43125	nonAMP	peptide_test_id1354
0.38125	0.61875	AMP	peptide_test_id1355
0.7	0.3	nonAMP	peptide_test_id1356
0.0625	0.9375	AMP	peptide_test_id1357
0.9125	0.0875	nonAMP	peptide_test_id1358
0.70625	0.29375	nonAMP	peptide_test_id1359
0.775	0.225	nonAMP	peptide_test_id1360
0.9	0.1	nonAMP	peptide_test_id1361
0.75625	0.24375	nonAMP	peptide_test_id1362
0.68125	0.31875	nonAMP	peptide_test_id1363
0.63125	0.36875	nonAMP	peptide_test_id1364
0.16875	0.83125	AMP	peptide_test_id1365
0.775	0.225	nonAMP	peptide_test_id1366
0.4375	0.5625	AMP	peptide_test_id1367
0.225	0.775	AMP	peptide_test_id1368
0.9125	0.0875	nonAMP	peptide_test_id1369
0.6875	0.3125	nonAMP	peptide_test_id1370
0.6	0.4	nonAMP	peptide_test_id1371
0.48125	0.51875	AMP	peptide_test_id1372
0.6375	0.3625	nonAMP	peptide_test_id1373
0.30625	0.69375	AMP	peptide_test_id1374
0.5875	0.4125	nonAMP	peptide_test_id1375
0.71875	0.28125	nonAMP	peptide_test_id1376
0.85	0.15	nonAMP	peptide_test_id1377
0.525	0.475	nonAMP	peptide_test_id1378
0.6	0.4	nonAMP	peptide_test_id1379
0.43125	0.56875	AMP	peptide_test_id1380
0.49375	0.50625	AMP	peptide_test_id1381
0.1375	0.8625	AMP	peptide_test_id1382
0.55625	0.44375	nonAMP	peptide_test_id1383
0.38125	0.61875	AMP	peptide_test_id1384
0.80625	0.19375	nonAMP	peptide_test_id1385
0.65	0.35	nonAMP	peptide_test_id1386
0.86875	0.13125	nonAMP	peptide_test_id1387
0.825	0.175	nonAMP	peptide_test_id1388
0.8125	0.1875	nonAMP	peptide_test_id1389
0.5	0.5	nonAMP	peptide_test_id1390
0.78125	0.21875	nonAMP	peptide_test_id1391
0.7625	0.2375	nonAMP	peptide_test_id1392
0.61875	0.38125	nonAMP	peptide_test_id1393
0.69375	0.30625	nonAMP	peptide_test_id1394
0.4	0.6	AMP	peptide_test_id1395
0.48125	0.51875	AMP	peptide_test_id1396
0.56875	0.43125	nonAMP	peptide_test_id1397
0.66875	0.33125	nonAMP	peptide_test_id1398
0.65625	0.34375	nonAMP	peptide_test_id1399
0.95625	0.04375	nonAMP	peptide_test_id1400
0.49375	0.50625	AMP	peptide_test_id1401
0.35	0.65	AMP	peptide_test_id1402
0.73125	0.26875	nonAMP	peptide_test_id1403
0.15625	0.84375	AMP	peptide_test_id1404
0.8125	0.1875	nonAMP	peptide_test_id1405
0.3375	0.6625	AMP	peptide_test_id1406
0.05	0.95	AMP	peptide_test_id1407
0.44375	0.55625	AMP	peptide_test_id1408
0.55	0.45	nonAMP	peptide_test_id1409
0.8125	0.1875	nonAMP	peptide_test_id1410
0.39375	0.60625	AMP	peptide_test_id1411
0.9	0.1	nonAMP	peptide_test_id1412
0.56875	0.43125	nonAMP	peptide_test_id1413
0.5875	0.4125	nonAMP	peptide_test_id1414
0.91875	0.08125	nonAMP	peptide_test_id1415
0.125	0.875	AMP	peptide_test_id1416
0.725	0.275	nonAMP	peptide_test_id1417
0.7125	0.2875	nonAMP	peptide_test_id1418
0.725	0.275	nonAMP	peptide_test_id1419
0.6875	0.3125	nonAMP	peptide_test_id1420
0.01875	0.98125	AMP	peptide_test_id1421
0.90625	0.09375	nonAMP	peptide_test_id1422
0.325	0.675	AMP	peptide_test_id1423
0.9625	0.0375	nonAMP	peptide_test_id1424
0.03125	0.96875	AMP	peptide_test_id1425
0.775	0.225	nonAMP	peptide_test_id1426
0.95	0.05	nonAMP	peptide_test_id1427
0.51875	0.48125	nonAMP	peptide_test_id1428
0.40625	0.59375	AMP	peptide_test_id1429
0.18125	0.81875	AMP	peptide_test_id1430
0.6	0.4	nonAMP	peptide_test_id1431
0.43125	0.56875	AMP	peptide_test_id1432
0.80625	0.19375	nonAMP	peptide_test_id1433
0.36875	0.63125	AMP	peptide_test_id1434
0.4125	0.5875	AMP	peptide_test_id1435
0.75	0.25	nonAMP	peptide_test_id1436
0.83125	0.16875	nonAMP	peptide_test_id1437
0.025	0.975	AMP	peptide_test_id1438
0.5125	0.4875	nonAMP	peptide_test_id1439
0.0	1.0	AMP	peptide_test_id1440
0.08125	0.91875	AMP	peptide_test_id1441
0.0125	0.9875	AMP	peptide_test_id1442
0.6	0.4	nonAMP	peptide_test_id1443
0.75625	0.24375	nonAMP	peptide_test_id1444
0.7125	0.2875	nonAMP	peptide_test_id1445
0.8	0.2	nonAMP	peptide_test_id1446
0.45625	0.54375	AMP	peptide_test_id1447
0.5125	0.4875	nonAMP	peptide_test_id1448
0.86875	0.13125	nonAMP	peptide_test_id1449
0.6125	0.3875	nonAMP	peptide_test_id1450
0.3	0.7	AMP	peptide_test_id1451
0.175	0.825	AMP	peptide_test_id1452
0.33125	0.66875	AMP	peptide_test_id1453
0.4625	0.5375	AMP	peptide_test_id1454
0.01875	0.98125	AMP	peptide_test_id1455
0.38125	0.61875	AMP	peptide_test_id1456
0.4625	0.5375	AMP	peptide_test_id1457
0.88125	0.11875	nonAMP	peptide_test_id1458
0.675	0.325	nonAMP	peptide_test_id1459
0.85625	0.14375	nonAMP	peptide_test_id1460
0.83125	0.16875	nonAMP	peptide_test_id1461
0.80625	0.19375	nonAMP	peptide_test_id1462
0.41875	0.58125	AMP	peptide_test_id1463
0.89375	0.10625	nonAMP	peptide_test_id1464
0.85	0.15	nonAMP	peptide_test_id1465
0.86875	0.13125	nonAMP	peptide_test_id1466
0.00625	0.99375	AMP	peptide_test_id1467
0.6375	0.3625	nonAMP	peptide_test_id1468
0.4625	0.5375	AMP	peptide_test_id1469
0.45625	0.54375	AMP	peptide_test_id1470
0.3	0.7	AMP	peptide_test_id1471
0.19375	0.80625	AMP	peptide_test_id1472
0.8375	0.1625	nonAMP	peptide_test_id1473
0.0875	0.9125	AMP	peptide_test_id1474
0.8375	0.1625	nonAMP	peptide_test_id1475
0.7	0.3	nonAMP	peptide_test_id1476
0.725	0.275	nonAMP	peptide_test_id1477
0.3625	0.6375	AMP	peptide_test_id1478
0.45	0.55	AMP	peptide_test_id1479
0.50625	0.49375	nonAMP	peptide_test_id1480
0.9375	0.0625	nonAMP	peptide_test_id1481
0.49375	0.50625	AMP	peptide_test_id1482
0.775	0.225	nonAMP	peptide_test_id1483
0.61875	0.38125	nonAMP	peptide_test_id1484
0.93125	0.06875	nonAMP	peptide_test_id1485
0.50625	0.49375	nonAMP	peptide_test_id1486
0.61875	0.38125	nonAMP	peptide_test_id1487
0.675	0.325	nonAMP	peptide_test_id1488
0.79375	0.20625	nonAMP	peptide_test_id1489
0.0	1.0	AMP	peptide_test_id1490
0.04375	0.95625	AMP	peptide_test_id1491
0.70625	0.29375	nonAMP	peptide_test_id1492
0.13125	0.86875	AMP	peptide_test_id1493
0.5125	0.4875	nonAMP	peptide_test_id1494
0.48125	0.51875	AMP	peptide_test_id1495
0.73125	0.26875	nonAMP	peptide_test_id1496
0.84375	0.15625	nonAMP	peptide_test_id1497
0.78125	0.21875	nonAMP	peptide_test_id1498
0.20625	0.79375	AMP	peptide_test_id1499
0.5875	0.4125	nonAMP	peptide_test_id1500
0.0375	0.9625	AMP	peptide_test_id1501
0.2875	0.7125	AMP	peptide_test_id1502
0.36875	0.63125	AMP	peptide_test_id1503
0.875	0.125	nonAMP	peptide_test_id1504
0.91875	0.08125	nonAMP	peptide_test_id1505
0.46875	0.53125	AMP	peptide_test_id1506
0.71875	0.28125	nonAMP	peptide_test_id1507
0.69375	0.30625	nonAMP	peptide_test_id1508
0.0875	0.9125	AMP	peptide_test_id1509
0.89375	0.10625	nonAMP	peptide_test_id1510
0.2	0.8	AMP	peptide_test_id1511
0.8125	0.1875	nonAMP	peptide_test_id1512
0.80625	0.19375	nonAMP	peptide_test_id1513
0.925	0.075	nonAMP	peptide_test_id1514
0.825	0.175	nonAMP	peptide_test_id1515
0.54375	0.45625	nonAMP	peptide_test_id1516
0.38125	0.61875	AMP	peptide_test_id1517
0.75	0.25	nonAMP	peptide_test_id1518
0.86875	0.13125	nonAMP	peptide_test_id1519
0.73125	0.26875	nonAMP	peptide_test_id1520
0.0875	0.9125	AMP	peptide_test_id1521
0.70625	0.29375	nonAMP	peptide_test_id1522
0.6625	0.3375	nonAMP	peptide_test_id1523
0.64375	0.35625	nonAMP	peptide_test_id1524
0.11875	0.88125	AMP	peptide_test_id1525
0.85	0.15	nonAMP	peptide_test_id1526
0.21875	0.78125	AMP	peptide_test_id1527
0.5125	0.4875	nonAMP	peptide_test_id1528
0.3	0.7	AMP	peptide_test_id1529
0.4375	0.5625	AMP	peptide_test_id1530
0.49375	0.50625	AMP	peptide_test_id1531
0.60625	0.39375	nonAMP	peptide_test_id1532
0.33125	0.66875	AMP	peptide_test_id1533
0.03125	0.96875	AMP	peptide_test_id1534
0.50625	0.49375	nonAMP	peptide_test_id1535
0.44375	0.55625	AMP	peptide_test_id1536
0.89375	0.10625	nonAMP	peptide_test_id1537
0.45625	0.54375	AMP	peptide_test_id1538
0.19375	0.80625	AMP	peptide_test_id1539
0.31875	0.68125	AMP	peptide_test_id1540
0.8	0.2	nonAMP	peptide_test_id1541
0.58125	0.41875	nonAMP	peptide_test_id1542
0.80625	0.19375	nonAMP	peptide_test_id1543
0.375	0.625	AMP	peptide_test_id1544
0.65625	0.34375	nonAMP	peptide_test_id1545
0.58125	0.41875	nonAMP	peptide_test_id1546
0.73125	0.26875	nonAMP	peptide_test_id1547
0.00625	0.99375	AMP	peptide_test_id1548
0.825	0.175	nonAMP	peptide_test_id1549
0.125	0.875	AMP	peptide_test_id1550
0.49375	0.50625	AMP	peptide_test_id1551
0.4875	0.5125	AMP	peptide_test_id1552
0.80625	0.19375	nonAMP	peptide_test_id1553
0.7375	0.2625	nonAMP	peptide_test_id1554
0.1625	0.8375	AMP	peptide_test_id1555
0.60625	0.39375	nonAMP	peptide_test_id1556
0.73125	0.26875	nonAMP	peptide_test_id1557
0.7625	0.2375	nonAMP	peptide_test_id1558
0.0	1.0	AMP	peptide_test_id1559
0.23125	0.76875	AMP	peptide_test_id1560
0.7	0.3	nonAMP	peptide_test_id1561
0.93125	0.06875	nonAMP	peptide_test_id1562
0.45	0.55	AMP	peptide_test_id1563
0.01875	0.98125	AMP	peptide_test_id1564
0.49375	0.50625	AMP	peptide_test_id1565
0.31875	0.68125	AMP	peptide_test_id1566
0.40625	0.59375	AMP	peptide_test_id1567
0.05	0.95	AMP	peptide_test_id1568
0.65	0.35	nonAMP	peptide_test_id1569
0.73125	0.26875	nonAMP	peptide_test_id1570
0.4875	0.5125	AMP	peptide_test_id1571
0.425	0.575	AMP	peptide_test_id1572
0.2	0.8	AMP	peptide_test_id1573
0.55	0.45	nonAMP	peptide_test_id1574
0.48125	0.51875	AMP	peptide_test_id1575
0.7375	0.2625	nonAMP	peptide_test_id1576
0.13125	0.86875	AMP	peptide_test_id1577
0.7875	0.2125	nonAMP	peptide_test_id1578
0.075	0.925	AMP	peptide_test_id1579
0.24375	0.75625	AMP	peptide_test_id1580
0.63125	0.36875	nonAMP	peptide_test_id1581
0.48125	0.51875	AMP	peptide_test_id1582
0.075	0.925	AMP	peptide_test_id1583
0.6625	0.3375	nonAMP	peptide_test_id1584
0.05	0.95	AMP	peptide_test_id1585
0.45	0.55	AMP	peptide_test_id1586
0.4125	0.5875	AMP	peptide_test_id1587
0.85625	0.14375	nonAMP	peptide_test_id1588
0.74375	0.25625	nonAMP	peptide_test_id1589
0.4	0.6	AMP	peptide_test_id1590
0.7	0.3	nonAMP	peptide_test_id1591
0.8125	0.1875	nonAMP	peptide_test_id1592
0.78125	0.21875	nonAMP	peptide_test_id1593
0.56875	0.43125	nonAMP	peptide_test_id1594
0.48125	0.51875	AMP	peptide_test_id1595
0.91875	0.08125	nonAMP	peptide_test_id1596
0.15625	0.84375	AMP	peptide_test_id1597
0.2125	0.7875	AMP	peptide_test_id1598
0.1125	0.8875	AMP	peptide_test_id1599
0.075	0.925	AMP	peptide_test_id1600
0.5125	0.4875	nonAMP	peptide_test_id1601
0.80625	0.19375	nonAMP	peptide_test_id1602
0.5125	0.4875	nonAMP	peptide_test_id1603
0.88125	0.11875	nonAMP	peptide_test_id1604
0.4375	0.5625	AMP	peptide_test_id1605
0.8625	0.1375	nonAMP	peptide_test_id1606
0.8	0.2	nonAMP	peptide_test_id1607
0.2375	0.7625	AMP	peptide_test_id1608
0.84375	0.15625	nonAMP	peptide_test_id1609
0.55625	0.44375	nonAMP	peptide_test_id1610
0.50625	0.49375	nonAMP	peptide_test_id1611
0.63125	0.36875	nonAMP	peptide_test_id1612
0.6875	0.3125	nonAMP	peptide_test_id1613
0.375	0.625	AMP	peptide_test_id1614
0.04375	0.95625	AMP	peptide_test_id1615
0.65625	0.34375	nonAMP	peptide_test_id1616
0.38125	0.61875	AMP	peptide_test_id1617
0.78125	0.21875	nonAMP	peptide_test_id1618
0.4	0.6	AMP	peptide_test_id1619
0.2	0.8	AMP	peptide_test_id1620
0.65625	0.34375	nonAMP	peptide_test_id1621
0.50625	0.49375	nonAMP	peptide_test_id1622
0.575	0.425	nonAMP	peptide_test_id1623
0.15625	0.84375	AMP	peptide_test_id1624
0.6875	0.3125	nonAMP	peptide_test_id1625
0.8375	0.1625	nonAMP	peptide_test_id1626
0.125	0.875	AMP	peptide_test_id1627
0.43125	0.56875	AMP	peptide_test_id1628
0.0875	0.9125	AMP	peptide_test_id1629
0.4375	0.5625	AMP	peptide_test_id1630
0.0375	0.9625	AMP	peptide_test_id1631
0.21875	0.78125	AMP	peptide_test_id1632
0.075	0.925	AMP	peptide_test_id1633
0.775	0.225	nonAMP	peptide_test_id1634
0.275	0.725	AMP	peptide_test_id1635
0.63125	0.36875	nonAMP	peptide_test_id1636
0.56875	0.43125	nonAMP	peptide_test_id1637
0.7125	0.2875	nonAMP	peptide_test_id1638
0.625	0.375	nonAMP	peptide_test_id1639
0.15625	0.84375	AMP	peptide_test_id1640
0.39375	0.60625	AMP	peptide_test_id1641
0.13125	0.86875	AMP	peptide_test_id1642
0.9	0.1	nonAMP	peptide_test_id1643
0.48125	0.51875	AMP	peptide_test_id1644
0.85625	0.14375	nonAMP	peptide_test_id1645
0.00625	0.99375	AMP	peptide_test_id1646
0.825	0.175	nonAMP	peptide_test_id1647
0.54375	0.45625	nonAMP	peptide_test_id1648
0.125	0.875	AMP	peptide_test_id1649
0.175	0.825	AMP	peptide_test_id1650
0.7125	0.2875	nonAMP	peptide_test_id1651
0.60625	0.39375	nonAMP	peptide_test_id1652
0.31875	0.68125	AMP	peptide_test_id1653
0.19375	0.80625	AMP	peptide_test_id1654
0.74375	0.25625	nonAMP	peptide_test_id1655
0.36875	0.63125	AMP	peptide_test_id1656
0.9	0.1	nonAMP	peptide_test_id1657
0.9	0.1	nonAMP	peptide_test_id1658
0.70625	0.29375	nonAMP	peptide_test_id1659
0.05	0.95	AMP	peptide_test_id1660
0.8125	0.1875	nonAMP	peptide_test_id1661
0.41875	0.58125	AMP	peptide_test_id1662
0.69375	0.30625	nonAMP	peptide_test_id1663
0.3875	0.6125	AMP	peptide_test_id1664
0.325	0.675	AMP	peptide_test_id1665
0.55	0.45	nonAMP	peptide_test_id1666
0.91875	0.08125	nonAMP	peptide_test_id1667
0.625	0.375	nonAMP	peptide_test_id1668
0.81875	0.18125	nonAMP	peptide_test_id1669
0.53125	0.46875	nonAMP	peptide_test_id1670
0.70625	0.29375	nonAMP	peptide_test_id1671
0.5125	0.4875	nonAMP	peptide_test_id1672
0.63125	0.36875	nonAMP	peptide_test_id1673
